"PKey","Name","Desc","ProjectId","ProjectMap","ProtoName","ProtoSub"
"2","RTAC_DESet","","0","0","DNPSV","0"
"3","Greer_Data","Dataset for Greer","0","0","DNPSV","0"
"5","Gaffney_Data","Dataset for Gaffney","0","0","DNPSV","0"
"6","RockHill_Data","Dataset for Rock Hill","0","0","DNPSV","0"
"7","Union_dataset","Dataset for Union","0","0","DNPSV","0"
"8","Duke_ICCP_PMPA_data","Dataset for Duke ICCP Serv - Data sent to Duke","0","0","ICCPSV","0"
"9","Duke_ICCP_Duke_Data","Dataset for Duke ICCP Serv - Data recvd from Duke","0","0","ICCPSV","0"
"10","Santee_ICCP_PMPAData","Dataset for Santee ICCP Svr - Data sent to Santee","0","0","ICCPSV","0"
"11","Santee_ICCP_SCData","Dataset for Santee ICCP Srv - Data recvd from SC","0","0","ICCPSV","0"
